-- phpMyAdmin SQL Dump
-- version 5.2.2
-- https://www.phpmyadmin.net/
--
-- Anamakine: mariadb
-- Üretim Zamanı: 06 Eyl 2025, 05:00:28
-- Sunucu sürümü: 11.7.2-MariaDB-ubu2404
-- PHP Sürümü: 8.2.27

SET SQL_MODE = "NO_AUTO_VALUE_ON_ZERO";
START TRANSACTION;
SET time_zone = "+00:00";


/*!40101 SET @OLD_CHARACTER_SET_CLIENT=@@CHARACTER_SET_CLIENT */;
/*!40101 SET @OLD_CHARACTER_SET_RESULTS=@@CHARACTER_SET_RESULTS */;
/*!40101 SET @OLD_COLLATION_CONNECTION=@@COLLATION_CONNECTION */;
/*!40101 SET NAMES utf8mb4 */;

--
-- Veritabanı: `gider_takibi`
--

-- --------------------------------------------------------

--
-- Tablo için tablo yapısı `companies`
--

CREATE TABLE `companies` (
  `id` int(11) NOT NULL,
  `name` varchar(200) NOT NULL,
  `tax_number` varchar(20) DEFAULT NULL,
  `address` text DEFAULT NULL,
  `phone` varchar(20) DEFAULT NULL,
  `email` varchar(120) DEFAULT NULL,
  `is_active` tinyint(1) DEFAULT NULL,
  `created_at` datetime DEFAULT NULL,
  `updated_at` datetime DEFAULT NULL
) ENGINE=InnoDB DEFAULT CHARSET=utf8mb4 COLLATE=utf8mb4_general_ci;

--
-- Tablo döküm verisi `companies`
--

INSERT INTO `companies` (`id`, `name`, `tax_number`, `address`, `phone`, `email`, `is_active`, `created_at`, `updated_at`) VALUES
(1, 'Demo Şirket A.Ş.', '1234567890', 'İstanbul, Türkiye', '0212 555 1234', 'info@demosirket.com', 1, '2025-08-13 08:43:34', '2025-08-13 08:43:34');

-- --------------------------------------------------------

--
-- Tablo için tablo yapısı `expense_categories`
--

CREATE TABLE `expense_categories` (
  `id` int(11) NOT NULL,
  `name` varchar(200) NOT NULL,
  `description` text DEFAULT NULL,
  `company_id` int(11) NOT NULL,
  `is_active` tinyint(1) DEFAULT NULL,
  `created_at` datetime DEFAULT NULL,
  `updated_at` datetime DEFAULT NULL
) ENGINE=InnoDB DEFAULT CHARSET=utf8mb4 COLLATE=utf8mb4_general_ci;

--
-- Tablo döküm verisi `expense_categories`
--

INSERT INTO `expense_categories` (`id`, `name`, `description`, `company_id`, `is_active`, `created_at`, `updated_at`) VALUES
(1, 'KIRTASİYE/AVANSAS', 'KIRTASİYE/AVANSAS giderleri', 1, 1, '2025-08-13 08:43:35', '2025-08-13 08:43:35'),
(2, 'TÜRK TELEKOM', 'TÜRK TELEKOM giderleri', 1, 1, '2025-08-13 08:43:35', '2025-08-13 08:43:35'),
(3, 'İNTERNETLER', 'İNTERNETLER giderleri', 1, 1, '2025-08-13 08:43:35', '2025-08-13 08:43:35'),
(4, 'AYEDAŞ', 'AYEDAŞ giderleri', 1, 1, '2025-08-13 08:43:35', '2025-08-13 08:43:35'),
(5, 'MOTORLU TAŞITLAR VERGİSİ', 'MOTORLU TAŞITLAR VERGİSİ giderleri', 1, 1, '2025-08-13 08:43:35', '2025-08-13 08:43:35'),
(6, 'DHL', 'DHL giderleri', 1, 1, '2025-08-13 08:43:35', '2025-08-13 08:43:35'),
(7, 'KARGO', 'KARGO giderleri', 1, 1, '2025-08-13 08:43:35', '2025-08-13 08:43:35'),
(8, 'BANKA MASRAFLARI', 'BANKA MASRAFLARI giderleri', 1, 1, '2025-08-13 08:43:35', '2025-08-13 08:43:35'),
(9, 'BİLGİSAYAR BAKIM/ALIM', 'BİLGİSAYAR BAKIM/ALIM giderleri', 1, 1, '2025-08-13 08:43:35', '2025-08-13 08:43:35'),
(10, 'MATBAA', 'MATBAA giderleri', 1, 1, '2025-08-13 08:43:35', '2025-08-13 08:43:35'),
(11, 'AJANS', 'AJANS giderleri', 1, 1, '2025-08-13 08:43:35', '2025-08-13 08:43:35'),
(12, 'ARAÇ HGS', 'ARAÇ HGS giderleri', 1, 1, '2025-08-13 08:43:35', '2025-08-13 08:43:35'),
(13, 'ARAÇ BAKIM ONARIM', 'ARAÇ BAKIM ONARIM giderleri', 1, 1, '2025-08-13 08:43:35', '2025-08-13 08:43:35'),
(14, 'ARAÇ TRAFİK CEZALARI', 'ARAÇ TRAFİK CEZALARI giderleri', 1, 1, '2025-08-13 08:43:35', '2025-08-13 08:43:35'),
(15, 'FUAR', 'FUAR giderleri', 1, 1, '2025-08-13 08:43:35', '2025-08-13 08:43:35'),
(16, 'UÇAK BİLETİ', 'UÇAK BİLETİ giderleri', 1, 1, '2025-08-13 08:43:35', '2025-08-13 08:43:35'),
(17, 'OFİS ETKİNLİK', 'OFİS ETKİNLİK giderleri', 1, 1, '2025-08-13 08:43:35', '2025-08-13 08:43:35'),
(18, 'ÇİÇEK SEPETİ', 'ÇİÇEK SEPETİ giderleri', 1, 1, '2025-08-13 08:43:35', '2025-08-13 08:43:35'),
(19, 'ÇEVRE TEMİZLİK', 'ÇEVRE TEMİZLİK giderleri', 1, 1, '2025-08-13 08:43:35', '2025-08-13 08:43:35'),
(20, 'VODAFONE', 'VODAFONE giderleri', 1, 1, '2025-08-13 08:43:35', '2025-08-13 08:43:35'),
(21, 'TERCÜME', 'TERCÜME giderleri', 1, 1, '2025-08-13 08:43:35', '2025-08-13 08:43:35'),
(22, 'AİDAT', 'AİDAT giderleri', 1, 1, '2025-08-13 08:43:35', '2025-08-13 08:43:35'),
(23, 'YAKIT', 'YAKIT giderleri', 1, 1, '2025-08-13 08:43:35', '2025-08-13 08:43:35'),
(24, 'YEMEK KARTI', 'YEMEK KARTI giderleri', 1, 1, '2025-08-13 08:43:35', '2025-08-13 08:43:35'),
(25, 'MUTFAK', 'MUTFAK giderleri', 1, 1, '2025-08-13 08:43:35', '2025-08-13 08:43:35'),
(26, 'DİĞER GİDERLER', 'DİĞER GİDERLER giderleri', 1, 1, '2025-08-13 08:43:35', '2025-08-13 08:43:35'),
(27, 'KİRA', 'KİRA giderleri', 1, 1, '2025-08-13 08:43:35', '2025-08-13 08:43:35'),
(28, 'OFİS TADİLAT', 'OFİS TADİLAT giderleri', 1, 1, '2025-08-13 08:43:35', '2025-08-13 08:43:35'),
(29, 'PERSONEL MAAŞ', 'PERSONEL MAAŞ giderleri', 1, 1, '2025-08-13 08:43:35', '2025-08-13 08:43:35'),
(30, 'PERSONEL PRİM', 'PERSONEL PRİM giderleri', 1, 1, '2025-08-13 08:43:35', '2025-08-13 08:43:35'),
(31, 'PERSONEL TAZMİNATLAR', 'PERSONEL TAZMİNATLAR giderleri', 1, 1, '2025-08-13 08:43:35', '2025-08-13 08:43:35'),
(32, 'YOL', 'YOL giderleri', 1, 1, '2025-08-13 08:43:35', '2025-08-13 08:43:35'),
(33, 'SGK', 'SGK giderleri', 1, 1, '2025-08-13 08:43:35', '2025-08-13 08:43:35');

-- --------------------------------------------------------

--
-- Tablo için tablo yapısı `expense_records`
--

CREATE TABLE `expense_records` (
  `id` int(11) NOT NULL,
  `category_id` int(11) NOT NULL,
  `company_id` int(11) NOT NULL,
  `amount` decimal(15,2) NOT NULL,
  `month` int(11) NOT NULL,
  `year` int(11) NOT NULL,
  `description` text DEFAULT NULL,
  `invoice_number` varchar(100) DEFAULT NULL,
  `payment_status` varchar(20) DEFAULT NULL,
  `due_date` date DEFAULT NULL,
  `payment_date` date DEFAULT NULL,
  `supplier_name` varchar(200) DEFAULT NULL,
  `user_id` int(11) NOT NULL,
  `created_at` datetime DEFAULT NULL,
  `updated_at` datetime DEFAULT NULL
) ENGINE=InnoDB DEFAULT CHARSET=utf8mb4 COLLATE=utf8mb4_general_ci;

--
-- Tablo döküm verisi `expense_records`
--

INSERT INTO `expense_records` (`id`, `category_id`, `company_id`, `amount`, `month`, `year`, `description`, `invoice_number`, `payment_status`, `due_date`, `payment_date`, `supplier_name`, `user_id`, `created_at`, `updated_at`) VALUES
(1, 2, 1, 9193.00, 1, 2024, 'TÜRK TELEKOM - 1/2024', 'INV-202401-3547', 'paid', '2024-01-25', '2024-01-30', 'BP', 1, '2024-01-25 15:06:58', '2025-08-13 11:07:12'),
(2, 4, 1, 14640.00, 1, 2024, 'AYEDAŞ - 1/2024', 'INV-202401-6111', 'paid', '2024-01-26', '2024-01-31', 'Garanti BBVA', 1, '2024-01-20 09:04:15', '2025-08-13 11:07:12'),
(3, 10, 1, 5829.00, 1, 2024, 'MATBAA - 1/2024', 'INV-202401-9419', 'paid', '2024-01-22', '2024-01-25', 'BP', 1, '2024-01-11 09:51:39', '2025-08-13 11:07:12'),
(4, 11, 1, 6816.00, 1, 2024, 'AJANS - 1/2024', 'INV-202401-1678', 'paid', '2024-01-20', '2024-01-24', 'CarrefourSA', 1, '2024-01-25 16:13:21', '2025-08-13 11:07:12'),
(5, 12, 1, 3678.00, 1, 2024, 'ARAÇ HGS - 1/2024', 'INV-202401-1659', 'paid', '2024-01-25', '2024-01-29', 'Garanti BBVA', 1, '2024-01-26 14:06:33', '2025-08-13 11:07:12'),
(6, 13, 1, 5756.00, 1, 2024, 'ARAÇ BAKIM ONARIM - 1/2024', 'INV-202401-7864', 'paid', '2024-01-22', '2024-01-27', 'Yurtiçi Kargo', 1, '2024-01-20 12:29:23', '2025-08-13 11:07:12'),
(7, 14, 1, 4368.00, 1, 2024, 'ARAÇ TRAFİK CEZALARI - 1/2024', 'INV-202401-2801', 'paid', '2024-01-21', '2024-01-25', 'CarrefourSA', 1, '2024-01-24 11:11:13', '2025-08-13 11:07:12'),
(8, 15, 1, 7928.00, 1, 2024, 'FUAR - 1/2024', 'INV-202401-7821', 'paid', '2024-01-26', '2024-01-28', 'Vodafone', 1, '2024-01-25 14:05:23', '2025-08-13 11:07:12'),
(9, 18, 1, 9850.00, 1, 2024, 'ÇİÇEK SEPETİ - 1/2024', 'INV-202401-1141', 'paid', '2024-01-28', '2024-01-31', 'CarrefourSA', 1, '2024-01-28 16:19:04', '2025-08-13 11:07:12'),
(10, 20, 1, 12073.00, 1, 2024, 'VODAFONE - 1/2024', 'INV-202401-5978', 'paid', '2024-01-28', '2024-01-31', 'Yurtiçi Kargo', 1, '2024-01-11 14:41:37', '2025-08-13 11:07:12'),
(11, 21, 1, 2576.00, 1, 2024, 'TERCÜME - 1/2024', 'INV-202401-2504', 'paid', '2024-01-20', '2024-01-25', 'Turkcell', 1, '2024-01-09 11:29:55', '2025-08-13 11:07:12'),
(12, 22, 1, 3839.00, 1, 2024, 'AİDAT - 1/2024', 'INV-202401-8208', 'paid', '2024-01-23', '2024-01-26', 'Yurtiçi Kargo', 1, '2024-01-12 15:16:20', '2025-08-13 11:07:12'),
(13, 23, 1, 6820.00, 1, 2024, 'YAKIT - 1/2024', 'INV-202401-9881', 'paid', '2024-01-22', '2024-01-27', 'BP', 1, '2024-01-24 13:29:09', '2025-08-13 11:07:12'),
(14, 25, 1, 1818.00, 1, 2024, 'MUTFAK - 1/2024', 'INV-202401-3613', 'paid', '2024-01-22', '2024-01-23', 'Opet', 1, '2024-01-07 17:10:47', '2025-08-13 11:07:12'),
(15, 27, 1, 25000.00, 1, 2024, 'KİRA - 1/2024', 'INV-202401-9208', 'paid', '2024-01-23', '2024-01-26', 'ABC Kırtasiye', 1, '2024-01-16 11:11:38', '2025-08-13 11:07:12'),
(16, 28, 1, 626.00, 1, 2024, 'OFİS TADİLAT - 1/2024', 'INV-202401-4356', 'paid', '2024-01-25', '2024-01-26', 'BP', 1, '2024-01-20 17:37:46', '2025-08-13 11:07:12'),
(17, 29, 1, 118763.00, 1, 2024, 'PERSONEL MAAŞ - 1/2024', 'INV-202401-8110', 'paid', '2024-01-20', '2024-01-23', 'Türk Telekom', 1, '2024-01-08 11:08:57', '2025-08-13 11:07:12'),
(18, 30, 1, 9456.00, 1, 2024, 'PERSONEL PRİM - 1/2024', 'INV-202401-3490', 'paid', '2024-01-21', '2024-01-25', 'Turkcell', 1, '2024-01-07 14:50:21', '2025-08-13 11:07:12'),
(19, 32, 1, 7353.00, 1, 2024, 'YOL - 1/2024', 'INV-202401-4845', 'paid', '2024-01-23', '2024-01-24', 'Türk Telekom', 1, '2024-01-23 09:52:53', '2025-08-13 11:07:12'),
(20, 33, 1, 35699.00, 1, 2024, 'SGK - 1/2024', 'INV-202401-2682', 'paid', '2024-01-28', '2024-02-02', 'İş Bankası', 1, '2024-01-21 15:34:33', '2025-08-13 11:07:12'),
(21, 1, 1, 6026.00, 2, 2024, 'KIRTASİYE/AVANSAS - 2/2024', 'INV-202402-6906', 'paid', '2024-02-25', '2024-02-27', 'Yurtiçi Kargo', 1, '2024-02-15 11:28:28', '2025-08-13 11:07:12'),
(22, 2, 1, 11751.00, 2, 2024, 'TÜRK TELEKOM - 2/2024', 'INV-202402-5811', 'paid', '2024-02-22', '2024-02-23', 'BP', 1, '2024-02-17 17:20:02', '2025-08-13 11:07:12'),
(23, 9, 1, 4803.00, 2, 2024, 'BİLGİSAYAR BAKIM/ALIM - 2/2024', 'INV-202402-2638', 'paid', '2024-02-24', '2024-02-25', 'Yurtiçi Kargo', 1, '2024-02-08 14:55:52', '2025-08-13 11:07:12'),
(24, 11, 1, 12873.00, 2, 2024, 'AJANS - 2/2024', 'INV-202402-8768', 'paid', '2024-02-20', '2024-02-21', 'Migros', 1, '2024-02-19 13:05:41', '2025-08-13 11:07:12'),
(25, 13, 1, 8499.00, 2, 2024, 'ARAÇ BAKIM ONARIM - 2/2024', 'INV-202402-3639', 'paid', '2024-02-22', '2024-02-26', 'DHL Express', 1, '2024-02-01 14:47:38', '2025-08-13 11:07:12'),
(26, 14, 1, 10443.00, 2, 2024, 'ARAÇ TRAFİK CEZALARI - 2/2024', 'INV-202402-8779', 'paid', '2024-02-20', '2024-02-22', 'Vodafone', 1, '2024-02-18 11:22:01', '2025-08-13 11:07:12'),
(27, 15, 1, 2307.00, 2, 2024, 'FUAR - 2/2024', 'INV-202402-3852', 'paid', '2024-02-23', '2024-02-24', 'AYEDAŞ', 1, '2024-02-20 16:40:05', '2025-08-13 11:07:12'),
(28, 17, 1, 7274.00, 2, 2024, 'OFİS ETKİNLİK - 2/2024', 'INV-202402-4002', 'paid', '2024-02-24', '2024-02-25', 'CarrefourSA', 1, '2024-02-07 13:38:37', '2025-08-13 11:07:12'),
(29, 18, 1, 5921.00, 2, 2024, 'ÇİÇEK SEPETİ - 2/2024', 'INV-202402-7017', 'paid', '2024-02-21', '2024-02-25', 'İş Bankası', 1, '2024-02-28 09:47:26', '2025-08-13 11:07:12'),
(30, 19, 1, 10812.00, 2, 2024, 'ÇEVRE TEMİZLİK - 2/2024', 'INV-202402-6162', 'paid', '2024-02-28', '2024-03-03', 'CarrefourSA', 1, '2024-02-16 13:23:57', '2025-08-13 11:07:12'),
(31, 23, 1, 14501.00, 2, 2024, 'YAKIT - 2/2024', 'INV-202402-2388', 'paid', '2024-02-22', '2024-02-27', 'Turkcell', 1, '2024-02-20 17:56:53', '2025-08-13 11:07:12'),
(32, 25, 1, 9552.00, 2, 2024, 'MUTFAK - 2/2024', 'INV-202402-6182', 'paid', '2024-02-25', '2024-02-29', 'İş Bankası', 1, '2024-02-26 16:13:09', '2025-08-13 11:07:12'),
(33, 26, 1, 1187.00, 2, 2024, 'DİĞER GİDERLER - 2/2024', 'INV-202402-8823', 'paid', '2024-02-28', '2024-03-02', 'İş Bankası', 1, '2024-02-17 14:29:49', '2025-08-13 11:07:12'),
(34, 27, 1, 25000.00, 2, 2024, 'KİRA - 2/2024', 'INV-202402-4093', 'paid', '2024-02-22', '2024-02-25', 'CarrefourSA', 1, '2024-02-05 13:57:29', '2025-08-13 11:07:12'),
(35, 29, 1, 94883.00, 2, 2024, 'PERSONEL MAAŞ - 2/2024', 'INV-202402-5168', 'paid', '2024-02-24', '2024-02-25', 'ABC Kırtasiye', 1, '2024-02-05 18:08:50', '2025-08-13 11:07:12'),
(36, 30, 1, 9399.00, 2, 2024, 'PERSONEL PRİM - 2/2024', 'INV-202402-7350', 'paid', '2024-02-24', '2024-02-26', 'Turkcell', 1, '2024-02-12 09:32:57', '2025-08-13 11:07:12'),
(37, 32, 1, 8064.00, 2, 2024, 'YOL - 2/2024', 'INV-202402-8781', 'paid', '2024-02-27', '2024-02-28', 'Opet', 1, '2024-02-26 18:32:33', '2025-08-13 11:07:12'),
(38, 33, 1, 21485.00, 2, 2024, 'SGK - 2/2024', 'INV-202402-7825', 'paid', '2024-02-27', '2024-03-02', 'ABC Kırtasiye', 1, '2024-02-24 15:46:37', '2025-08-13 11:07:12'),
(39, 2, 1, 11095.00, 3, 2024, 'TÜRK TELEKOM - 3/2024', 'INV-202403-3614', 'paid', '2024-03-24', '2024-03-25', 'Turkcell', 1, '2024-03-22 11:47:03', '2025-08-13 11:07:12'),
(40, 8, 1, 13497.00, 3, 2024, 'BANKA MASRAFLARI - 3/2024', 'INV-202403-8476', 'paid', '2024-03-24', '2024-03-26', 'Migros', 1, '2024-03-24 18:31:06', '2025-08-13 11:07:12'),
(41, 11, 1, 7170.00, 3, 2024, 'AJANS - 3/2024', 'INV-202403-8824', 'paid', '2024-03-23', '2024-03-27', 'ABC Kırtasiye', 1, '2024-03-07 14:56:27', '2025-08-13 11:07:12'),
(42, 12, 1, 1440.00, 3, 2024, 'ARAÇ HGS - 3/2024', 'INV-202403-7686', 'paid', '2024-03-25', '2024-03-29', 'Opet', 1, '2024-03-23 12:27:13', '2025-08-13 11:07:12'),
(43, 14, 1, 2609.00, 3, 2024, 'ARAÇ TRAFİK CEZALARI - 3/2024', 'INV-202403-9576', 'paid', '2024-03-26', '2024-03-28', 'Opet', 1, '2024-03-18 11:55:17', '2025-08-13 11:07:12'),
(44, 15, 1, 14105.00, 3, 2024, 'FUAR - 3/2024', 'INV-202403-3360', 'paid', '2024-03-25', '2024-03-28', 'Migros', 1, '2024-03-22 18:56:16', '2025-08-13 11:07:12'),
(45, 16, 1, 1894.00, 3, 2024, 'UÇAK BİLETİ - 3/2024', 'INV-202403-2961', 'paid', '2024-03-22', '2024-03-27', 'AYEDAŞ', 1, '2024-03-23 18:40:10', '2025-08-13 11:07:12'),
(46, 17, 1, 5897.00, 3, 2024, 'OFİS ETKİNLİK - 3/2024', 'INV-202403-4005', 'paid', '2024-03-23', '2024-03-27', 'Shell', 1, '2024-03-13 10:06:24', '2025-08-13 11:07:12'),
(47, 20, 1, 7471.00, 3, 2024, 'VODAFONE - 3/2024', 'INV-202403-6210', 'paid', '2024-03-28', '2024-04-01', 'CarrefourSA', 1, '2024-03-14 11:34:42', '2025-08-13 11:07:12'),
(48, 21, 1, 11780.00, 3, 2024, 'TERCÜME - 3/2024', 'INV-202403-1221', 'paid', '2024-03-22', '2024-03-24', 'Teknosa', 1, '2024-03-22 12:27:16', '2025-08-13 11:07:12'),
(49, 24, 1, 2388.00, 3, 2024, 'YEMEK KARTI - 3/2024', 'INV-202403-5508', 'paid', '2024-03-26', '2024-03-27', 'ABC Kırtasiye', 1, '2024-03-23 16:03:57', '2025-08-13 11:07:12'),
(50, 25, 1, 10225.00, 3, 2024, 'MUTFAK - 3/2024', 'INV-202403-4607', 'paid', '2024-03-20', '2024-03-23', 'Turkcell', 1, '2024-03-03 10:24:16', '2025-08-13 11:07:12'),
(51, 26, 1, 828.00, 3, 2024, 'DİĞER GİDERLER - 3/2024', 'INV-202403-9704', 'paid', '2024-03-20', '2024-03-23', 'Opet', 1, '2024-03-12 10:10:40', '2025-08-13 11:07:12'),
(52, 27, 1, 25000.00, 3, 2024, 'KİRA - 3/2024', 'INV-202403-5441', 'paid', '2024-03-28', '2024-03-30', 'DHL Express', 1, '2024-03-13 15:14:54', '2025-08-13 11:07:12'),
(53, 28, 1, 12987.00, 3, 2024, 'OFİS TADİLAT - 3/2024', 'INV-202403-6380', 'paid', '2024-03-21', '2024-03-22', 'Migros', 1, '2024-03-19 16:35:28', '2025-08-13 11:07:12'),
(54, 29, 1, 90963.00, 3, 2024, 'PERSONEL MAAŞ - 3/2024', 'INV-202403-8037', 'paid', '2024-03-25', '2024-03-30', 'Opet', 1, '2024-03-20 13:05:56', '2025-08-13 11:07:12'),
(55, 31, 1, 13453.00, 3, 2024, 'PERSONEL TAZMİNATLAR - 3/2024', 'INV-202403-4524', 'paid', '2024-03-24', '2024-03-28', 'Yurtiçi Kargo', 1, '2024-03-14 10:19:33', '2025-08-13 11:07:12'),
(56, 33, 1, 23882.00, 3, 2024, 'SGK - 3/2024', 'INV-202403-9827', 'paid', '2024-03-20', '2024-03-24', 'Türk Telekom', 1, '2024-03-18 10:03:24', '2025-08-13 11:07:12'),
(57, 1, 1, 2246.00, 4, 2024, 'KIRTASİYE/AVANSAS - 4/2024', 'INV-202404-8318', 'paid', '2024-04-28', '2024-04-30', 'Garanti BBVA', 1, '2024-04-05 13:54:55', '2025-08-13 11:07:12'),
(58, 4, 1, 13532.00, 4, 2024, 'AYEDAŞ - 4/2024', 'INV-202404-1363', 'paid', '2024-04-26', '2024-04-28', 'Türk Telekom', 1, '2024-04-22 09:25:21', '2025-08-13 11:07:12'),
(59, 6, 1, 9887.00, 4, 2024, 'DHL - 4/2024', 'INV-202404-7327', 'paid', '2024-04-23', '2024-04-26', 'CarrefourSA', 1, '2024-04-20 16:46:28', '2025-08-13 11:07:12'),
(60, 7, 1, 10316.00, 4, 2024, 'KARGO - 4/2024', 'INV-202404-3862', 'paid', '2024-04-24', '2024-04-26', 'Türk Telekom', 1, '2024-04-07 09:40:14', '2025-08-13 11:07:12'),
(61, 9, 1, 5081.00, 4, 2024, 'BİLGİSAYAR BAKIM/ALIM - 4/2024', 'INV-202404-1099', 'paid', '2024-04-27', '2024-04-28', 'ABC Kırtasiye', 1, '2024-04-16 13:27:33', '2025-08-13 11:07:12'),
(62, 11, 1, 7054.00, 4, 2024, 'AJANS - 4/2024', 'INV-202404-5720', 'paid', '2024-04-28', '2024-05-02', 'Shell', 1, '2024-04-20 15:17:16', '2025-08-13 11:07:12'),
(63, 12, 1, 1734.00, 4, 2024, 'ARAÇ HGS - 4/2024', 'INV-202404-2355', 'paid', '2024-04-24', '2024-04-26', 'Garanti BBVA', 1, '2024-04-27 16:27:13', '2025-08-13 11:07:12'),
(64, 15, 1, 5534.00, 4, 2024, 'FUAR - 4/2024', 'INV-202404-7251', 'paid', '2024-04-28', '2024-04-29', 'Teknosa', 1, '2024-04-06 13:30:40', '2025-08-13 11:07:12'),
(65, 17, 1, 2231.00, 4, 2024, 'OFİS ETKİNLİK - 4/2024', 'INV-202404-2296', 'paid', '2024-04-24', '2024-04-28', 'Türk Telekom', 1, '2024-04-21 16:39:48', '2025-08-13 11:07:12'),
(66, 21, 1, 7490.00, 4, 2024, 'TERCÜME - 4/2024', 'INV-202404-5506', 'paid', '2024-04-28', '2024-04-30', 'CarrefourSA', 1, '2024-04-10 13:36:23', '2025-08-13 11:07:12'),
(67, 22, 1, 1044.00, 4, 2024, 'AİDAT - 4/2024', 'INV-202404-6562', 'paid', '2024-04-22', '2024-04-26', 'ABC Kırtasiye', 1, '2024-04-07 11:32:12', '2025-08-13 11:07:12'),
(68, 24, 1, 6968.00, 4, 2024, 'YEMEK KARTI - 4/2024', 'INV-202404-7630', 'paid', '2024-04-28', '2024-05-01', 'İş Bankası', 1, '2024-04-05 15:27:29', '2025-08-13 11:07:12'),
(69, 26, 1, 5261.00, 4, 2024, 'DİĞER GİDERLER - 4/2024', 'INV-202404-6435', 'paid', '2024-04-24', '2024-04-28', 'Garanti BBVA', 1, '2024-04-23 18:32:18', '2025-08-13 11:07:12'),
(70, 27, 1, 25000.00, 4, 2024, 'KİRA - 4/2024', 'INV-202404-2119', 'paid', '2024-04-21', '2024-04-25', 'Migros', 1, '2024-04-19 10:56:56', '2025-08-13 11:07:12'),
(71, 28, 1, 14406.00, 4, 2024, 'OFİS TADİLAT - 4/2024', 'INV-202404-6143', 'paid', '2024-04-26', '2024-04-28', 'CarrefourSA', 1, '2024-04-15 12:38:21', '2025-08-13 11:07:12'),
(72, 29, 1, 119443.00, 4, 2024, 'PERSONEL MAAŞ - 4/2024', 'INV-202404-8791', 'paid', '2024-04-24', '2024-04-29', 'AYEDAŞ', 1, '2024-04-26 09:25:20', '2025-08-13 11:07:12'),
(73, 33, 1, 31856.00, 4, 2024, 'SGK - 4/2024', 'INV-202404-1788', 'paid', '2024-04-23', '2024-04-28', 'CarrefourSA', 1, '2024-04-27 13:52:45', '2025-08-13 11:07:12'),
(74, 3, 1, 5385.00, 5, 2024, 'İNTERNETLER - 5/2024', 'INV-202405-9791', 'paid', '2024-05-20', '2024-05-23', 'AYEDAŞ', 1, '2024-05-10 14:23:01', '2025-08-13 11:07:12'),
(75, 7, 1, 14135.00, 5, 2024, 'KARGO - 5/2024', 'INV-202405-6223', 'paid', '2024-05-27', '2024-05-28', 'Teknosa', 1, '2024-05-18 18:47:04', '2025-08-13 11:07:12'),
(76, 15, 1, 4983.00, 5, 2024, 'FUAR - 5/2024', 'INV-202405-4891', 'paid', '2024-05-22', '2024-05-24', 'BP', 1, '2024-05-08 15:58:46', '2025-08-13 11:07:12'),
(77, 16, 1, 9105.00, 5, 2024, 'UÇAK BİLETİ - 5/2024', 'INV-202405-4712', 'paid', '2024-05-28', '2024-06-02', 'BP', 1, '2024-05-09 17:42:07', '2025-08-13 11:07:12'),
(78, 17, 1, 6436.00, 5, 2024, 'OFİS ETKİNLİK - 5/2024', 'INV-202405-3845', 'paid', '2024-05-23', '2024-05-24', 'Garanti BBVA', 1, '2024-05-08 12:37:09', '2025-08-13 11:07:12'),
(79, 19, 1, 12903.00, 5, 2024, 'ÇEVRE TEMİZLİK - 5/2024', 'INV-202405-6253', 'paid', '2024-05-22', '2024-05-25', 'Shell', 1, '2024-05-24 14:28:17', '2025-08-13 11:07:12'),
(80, 20, 1, 13681.00, 5, 2024, 'VODAFONE - 5/2024', 'INV-202405-8452', 'paid', '2024-05-21', '2024-05-23', 'Migros', 1, '2024-05-16 18:07:47', '2025-08-13 11:07:12'),
(81, 22, 1, 8708.00, 5, 2024, 'AİDAT - 5/2024', 'INV-202405-7649', 'paid', '2024-05-22', '2024-05-26', 'Yurtiçi Kargo', 1, '2024-05-14 14:27:41', '2025-08-13 11:07:12'),
(82, 25, 1, 8688.00, 5, 2024, 'MUTFAK - 5/2024', 'INV-202405-8464', 'paid', '2024-05-25', '2024-05-27', 'Teknosa', 1, '2024-05-18 16:45:16', '2025-08-13 11:07:12'),
(83, 27, 1, 25000.00, 5, 2024, 'KİRA - 5/2024', 'INV-202405-2263', 'paid', '2024-05-27', '2024-05-30', 'CarrefourSA', 1, '2024-05-10 15:58:09', '2025-08-13 11:07:12'),
(84, 29, 1, 103088.00, 5, 2024, 'PERSONEL MAAŞ - 5/2024', 'INV-202405-4292', 'paid', '2024-05-26', '2024-05-30', 'Vodafone', 1, '2024-05-05 18:08:48', '2025-08-13 11:07:12'),
(85, 30, 1, 13985.00, 5, 2024, 'PERSONEL PRİM - 5/2024', 'INV-202405-3288', 'paid', '2024-05-27', '2024-05-31', 'Yurtiçi Kargo', 1, '2024-05-19 14:17:25', '2025-08-13 11:07:12'),
(86, 31, 1, 5738.00, 5, 2024, 'PERSONEL TAZMİNATLAR - 5/2024', 'INV-202405-1927', 'paid', '2024-05-23', '2024-05-27', 'DHL Express', 1, '2024-05-18 11:49:49', '2025-08-13 11:07:12'),
(87, 32, 1, 2348.00, 5, 2024, 'YOL - 5/2024', 'INV-202405-1156', 'paid', '2024-05-20', '2024-05-21', 'AYEDAŞ', 1, '2024-05-01 10:30:43', '2025-08-13 11:07:12'),
(88, 33, 1, 24450.00, 5, 2024, 'SGK - 5/2024', 'INV-202405-4474', 'paid', '2024-05-24', '2024-05-28', 'Teknosa', 1, '2024-05-11 12:40:54', '2025-08-13 11:07:12'),
(89, 6, 1, 11177.00, 6, 2024, 'DHL - 6/2024', 'INV-202406-2833', 'paid', '2024-06-25', '2024-06-28', 'ABC Kırtasiye', 1, '2024-06-06 15:03:42', '2025-08-13 11:07:12'),
(90, 7, 1, 12445.00, 6, 2024, 'KARGO - 6/2024', 'INV-202406-7378', 'paid', '2024-06-25', '2024-06-26', 'Garanti BBVA', 1, '2024-06-06 16:36:10', '2025-08-13 11:07:12'),
(91, 9, 1, 8971.00, 6, 2024, 'BİLGİSAYAR BAKIM/ALIM - 6/2024', 'INV-202406-2973', 'paid', '2024-06-26', '2024-06-29', 'Turkcell', 1, '2024-06-16 18:41:34', '2025-08-13 11:07:12'),
(92, 10, 1, 13102.00, 6, 2024, 'MATBAA - 6/2024', 'INV-202406-5781', 'paid', '2024-06-26', '2024-06-27', 'Teknosa', 1, '2024-06-02 09:19:58', '2025-08-13 11:07:12'),
(93, 11, 1, 1435.00, 6, 2024, 'AJANS - 6/2024', 'INV-202406-6754', 'paid', '2024-06-21', '2024-06-23', 'Opet', 1, '2024-06-22 17:13:52', '2025-08-13 11:07:12'),
(94, 12, 1, 7875.00, 6, 2024, 'ARAÇ HGS - 6/2024', 'INV-202406-2431', 'paid', '2024-06-28', '2024-07-01', 'Shell', 1, '2024-06-21 14:09:29', '2025-08-13 11:07:12'),
(95, 13, 1, 9791.00, 6, 2024, 'ARAÇ BAKIM ONARIM - 6/2024', 'INV-202406-1800', 'paid', '2024-06-25', '2024-06-29', 'ABC Kırtasiye', 1, '2024-06-17 14:18:20', '2025-08-13 11:07:12'),
(96, 15, 1, 14989.00, 6, 2024, 'FUAR - 6/2024', 'INV-202406-6665', 'paid', '2024-06-27', '2024-06-30', 'Opet', 1, '2024-06-15 18:34:00', '2025-08-13 11:07:12'),
(97, 16, 1, 13217.00, 6, 2024, 'UÇAK BİLETİ - 6/2024', 'INV-202406-7102', 'paid', '2024-06-24', '2024-06-25', 'Shell', 1, '2024-06-04 10:44:25', '2025-08-13 11:07:12'),
(98, 18, 1, 12096.00, 6, 2024, 'ÇİÇEK SEPETİ - 6/2024', 'INV-202406-1238', 'paid', '2024-06-27', '2024-06-28', 'Türk Telekom', 1, '2024-06-19 09:39:48', '2025-08-13 11:07:12'),
(99, 19, 1, 5964.00, 6, 2024, 'ÇEVRE TEMİZLİK - 6/2024', 'INV-202406-4815', 'paid', '2024-06-24', '2024-06-25', 'Shell', 1, '2024-06-26 09:35:19', '2025-08-13 11:07:12'),
(100, 22, 1, 6134.00, 6, 2024, 'AİDAT - 6/2024', 'INV-202406-2331', 'paid', '2024-06-22', '2024-06-23', 'Garanti BBVA', 1, '2024-06-15 12:21:12', '2025-08-13 11:07:12'),
(101, 23, 1, 1822.00, 6, 2024, 'YAKIT - 6/2024', 'INV-202406-6702', 'paid', '2024-06-26', '2024-06-27', 'Migros', 1, '2024-06-02 18:48:36', '2025-08-13 11:07:12'),
(102, 27, 1, 25000.00, 6, 2024, 'KİRA - 6/2024', 'INV-202406-9221', 'paid', '2024-06-26', '2024-06-28', 'Türk Telekom', 1, '2024-06-20 10:30:58', '2025-08-13 11:07:12'),
(103, 29, 1, 107143.00, 6, 2024, 'PERSONEL MAAŞ - 6/2024', 'INV-202406-7000', 'paid', '2024-06-28', '2024-07-03', 'Türk Telekom', 1, '2024-06-08 10:40:47', '2025-08-13 11:07:12'),
(104, 31, 1, 1575.00, 6, 2024, 'PERSONEL TAZMİNATLAR - 6/2024', 'INV-202406-4706', 'paid', '2024-06-27', '2024-07-01', 'Vodafone', 1, '2024-06-26 14:35:14', '2025-08-13 11:07:12'),
(105, 33, 1, 37175.00, 6, 2024, 'SGK - 6/2024', 'INV-202406-1592', 'paid', '2024-06-24', '2024-06-29', 'Opet', 1, '2024-06-25 14:42:36', '2025-08-13 11:07:12'),
(106, 2, 1, 9531.00, 7, 2024, 'TÜRK TELEKOM - 7/2024', 'INV-202407-9370', 'paid', '2024-07-22', '2024-07-23', 'BP', 1, '2024-07-05 13:56:26', '2025-08-13 11:07:12'),
(107, 9, 1, 9979.00, 7, 2024, 'BİLGİSAYAR BAKIM/ALIM - 7/2024', 'INV-202407-2255', 'paid', '2024-07-28', '2024-07-31', 'Vodafone', 1, '2024-07-07 16:21:36', '2025-08-13 11:07:12'),
(108, 10, 1, 13305.00, 7, 2024, 'MATBAA - 7/2024', 'INV-202407-3842', 'paid', '2024-07-26', '2024-07-27', 'Vodafone', 1, '2024-07-26 15:39:06', '2025-08-13 11:07:12'),
(109, 13, 1, 10449.00, 7, 2024, 'ARAÇ BAKIM ONARIM - 7/2024', 'INV-202407-3178', 'paid', '2024-07-28', '2024-08-02', 'AYEDAŞ', 1, '2024-07-10 12:26:38', '2025-08-13 11:07:12'),
(110, 14, 1, 14013.00, 7, 2024, 'ARAÇ TRAFİK CEZALARI - 7/2024', 'INV-202407-4352', 'paid', '2024-07-27', '2024-07-28', 'Türk Telekom', 1, '2024-07-15 14:25:49', '2025-08-13 11:07:12'),
(111, 19, 1, 2996.00, 7, 2024, 'ÇEVRE TEMİZLİK - 7/2024', 'INV-202407-1622', 'paid', '2024-07-22', '2024-07-27', 'Yurtiçi Kargo', 1, '2024-07-11 09:41:41', '2025-08-13 11:07:12'),
(112, 20, 1, 3350.00, 7, 2024, 'VODAFONE - 7/2024', 'INV-202407-3562', 'paid', '2024-07-28', '2024-07-29', 'Shell', 1, '2024-07-13 17:26:30', '2025-08-13 11:07:12'),
(113, 21, 1, 9249.00, 7, 2024, 'TERCÜME - 7/2024', 'INV-202407-4169', 'paid', '2024-07-23', '2024-07-28', 'Teknosa', 1, '2024-07-21 18:24:28', '2025-08-13 11:07:12'),
(114, 22, 1, 13894.00, 7, 2024, 'AİDAT - 7/2024', 'INV-202407-8098', 'paid', '2024-07-22', '2024-07-25', 'Türk Telekom', 1, '2024-07-04 12:32:05', '2025-08-13 11:07:12'),
(115, 24, 1, 2275.00, 7, 2024, 'YEMEK KARTI - 7/2024', 'INV-202407-3041', 'paid', '2024-07-24', '2024-07-26', 'BP', 1, '2024-07-05 09:17:46', '2025-08-13 11:07:12'),
(116, 26, 1, 5622.00, 7, 2024, 'DİĞER GİDERLER - 7/2024', 'INV-202407-9640', 'paid', '2024-07-20', '2024-07-24', 'Yurtiçi Kargo', 1, '2024-07-17 10:35:46', '2025-08-13 11:07:12'),
(117, 27, 1, 25000.00, 7, 2024, 'KİRA - 7/2024', 'INV-202407-4796', 'paid', '2024-07-21', '2024-07-24', 'Vodafone', 1, '2024-07-19 11:40:24', '2025-08-13 11:07:12'),
(118, 29, 1, 119898.00, 7, 2024, 'PERSONEL MAAŞ - 7/2024', 'INV-202407-6028', 'paid', '2024-07-28', '2024-07-31', 'İş Bankası', 1, '2024-07-27 14:22:49', '2025-08-13 11:07:12'),
(119, 31, 1, 6218.00, 7, 2024, 'PERSONEL TAZMİNATLAR - 7/2024', 'INV-202407-1524', 'paid', '2024-07-22', '2024-07-23', 'DHL Express', 1, '2024-07-23 16:29:49', '2025-08-13 11:07:12'),
(120, 33, 1, 24823.00, 7, 2024, 'SGK - 7/2024', 'INV-202407-4186', 'paid', '2024-07-24', '2024-07-27', 'BP', 1, '2024-07-14 18:33:31', '2025-08-13 11:07:12'),
(121, 2, 1, 3833.00, 8, 2024, 'TÜRK TELEKOM - 8/2024', 'INV-202408-9559', 'paid', '2024-08-21', '2024-08-23', 'AYEDAŞ', 1, '2024-08-10 17:03:46', '2025-08-13 11:07:12'),
(122, 5, 1, 776.00, 8, 2024, 'MOTORLU TAŞITLAR VERGİSİ - 8/2024', 'INV-202408-4878', 'paid', '2024-08-21', '2024-08-26', 'Opet', 1, '2024-08-13 12:33:29', '2025-08-13 11:07:12'),
(123, 6, 1, 4890.00, 8, 2024, 'DHL - 8/2024', 'INV-202408-1809', 'paid', '2024-08-22', '2024-08-23', 'Garanti BBVA', 1, '2024-08-08 14:47:41', '2025-08-13 11:07:12'),
(124, 7, 1, 4724.00, 8, 2024, 'KARGO - 8/2024', 'INV-202408-2467', 'paid', '2024-08-21', '2024-08-25', 'Garanti BBVA', 1, '2024-08-23 11:42:21', '2025-08-13 11:07:12'),
(125, 8, 1, 14179.00, 8, 2024, 'BANKA MASRAFLARI - 8/2024', 'INV-202408-5490', 'paid', '2024-08-20', '2024-08-23', 'Türk Telekom', 1, '2024-08-25 16:21:05', '2025-08-13 11:07:12'),
(126, 9, 1, 664.00, 8, 2024, 'BİLGİSAYAR BAKIM/ALIM - 8/2024', 'INV-202408-4062', 'paid', '2024-08-24', '2024-08-28', 'Turkcell', 1, '2024-08-18 14:16:14', '2025-08-13 11:07:12'),
(127, 10, 1, 5727.00, 8, 2024, 'MATBAA - 8/2024', 'INV-202408-5748', 'paid', '2024-08-26', '2024-08-28', 'Teknosa', 1, '2024-08-06 17:13:24', '2025-08-13 11:07:12'),
(128, 12, 1, 9453.00, 8, 2024, 'ARAÇ HGS - 8/2024', 'INV-202408-5619', 'paid', '2024-08-26', '2024-08-31', 'İş Bankası', 1, '2024-08-23 09:48:46', '2025-08-13 11:07:12'),
(129, 14, 1, 2310.00, 8, 2024, 'ARAÇ TRAFİK CEZALARI - 8/2024', 'INV-202408-8028', 'paid', '2024-08-24', '2024-08-26', 'Turkcell', 1, '2024-08-14 12:58:39', '2025-08-13 11:07:12'),
(130, 19, 1, 12389.00, 8, 2024, 'ÇEVRE TEMİZLİK - 8/2024', 'INV-202408-3986', 'paid', '2024-08-20', '2024-08-24', 'Türk Telekom', 1, '2024-08-05 14:12:10', '2025-08-13 11:07:12'),
(131, 20, 1, 7784.00, 8, 2024, 'VODAFONE - 8/2024', 'INV-202408-9876', 'paid', '2024-08-26', '2024-08-27', 'Turkcell', 1, '2024-08-19 14:39:35', '2025-08-13 11:07:12'),
(132, 25, 1, 8124.00, 8, 2024, 'MUTFAK - 8/2024', 'INV-202408-2076', 'paid', '2024-08-28', '2024-09-02', 'BP', 1, '2024-08-26 12:00:02', '2025-08-13 11:07:12'),
(133, 27, 1, 25000.00, 8, 2024, 'KİRA - 8/2024', 'INV-202408-8603', 'paid', '2024-08-22', '2024-08-25', 'Opet', 1, '2024-08-22 16:07:15', '2025-08-13 11:07:12'),
(134, 28, 1, 12222.00, 8, 2024, 'OFİS TADİLAT - 8/2024', 'INV-202408-6814', 'paid', '2024-08-20', '2024-08-24', 'DHL Express', 1, '2024-08-06 13:06:48', '2025-08-13 11:07:12'),
(135, 29, 1, 92997.00, 8, 2024, 'PERSONEL MAAŞ - 8/2024', 'INV-202408-3107', 'paid', '2024-08-24', '2024-08-25', 'Teknosa', 1, '2024-08-03 15:56:16', '2025-08-13 11:07:12'),
(136, 30, 1, 1759.00, 8, 2024, 'PERSONEL PRİM - 8/2024', 'INV-202408-9477', 'paid', '2024-08-24', '2024-08-29', 'Teknosa', 1, '2024-08-15 16:56:36', '2025-08-13 11:07:12'),
(137, 32, 1, 8876.00, 8, 2024, 'YOL - 8/2024', 'INV-202408-3758', 'paid', '2024-08-20', '2024-08-21', 'Yurtiçi Kargo', 1, '2024-08-26 16:12:02', '2025-08-13 11:07:12'),
(138, 33, 1, 33735.00, 8, 2024, 'SGK - 8/2024', 'INV-202408-6054', 'paid', '2024-08-25', '2024-08-27', 'Turkcell', 1, '2024-08-03 15:36:47', '2025-08-13 11:07:12'),
(139, 1, 1, 527.00, 9, 2024, 'KIRTASİYE/AVANSAS - 9/2024', 'INV-202409-2727', 'paid', '2024-09-24', '2024-09-26', 'Vodafone', 1, '2024-09-11 10:47:50', '2025-08-13 11:07:12'),
(140, 2, 1, 5223.00, 9, 2024, 'TÜRK TELEKOM - 9/2024', 'INV-202409-6649', 'paid', '2024-09-24', '2024-09-29', 'Türk Telekom', 1, '2024-09-19 11:57:33', '2025-08-13 11:07:12'),
(141, 4, 1, 5173.00, 9, 2024, 'AYEDAŞ - 9/2024', 'INV-202409-3414', 'paid', '2024-09-28', '2024-10-02', 'Garanti BBVA', 1, '2024-09-17 17:41:22', '2025-08-13 11:07:12'),
(142, 8, 1, 4119.00, 9, 2024, 'BANKA MASRAFLARI - 9/2024', 'INV-202409-5399', 'paid', '2024-09-22', '2024-09-23', 'CarrefourSA', 1, '2024-09-01 15:45:40', '2025-08-13 11:07:12'),
(143, 9, 1, 5424.00, 9, 2024, 'BİLGİSAYAR BAKIM/ALIM - 9/2024', 'INV-202409-9908', 'paid', '2024-09-27', '2024-10-02', 'Shell', 1, '2024-09-15 16:23:24', '2025-08-13 11:07:12'),
(144, 14, 1, 4163.00, 9, 2024, 'ARAÇ TRAFİK CEZALARI - 9/2024', 'INV-202409-3139', 'paid', '2024-09-28', '2024-10-02', 'Vodafone', 1, '2024-09-05 16:28:42', '2025-08-13 11:07:12'),
(145, 18, 1, 2185.00, 9, 2024, 'ÇİÇEK SEPETİ - 9/2024', 'INV-202409-7781', 'paid', '2024-09-25', '2024-09-28', 'Vodafone', 1, '2024-09-05 14:01:31', '2025-08-13 11:07:12'),
(146, 21, 1, 14582.00, 9, 2024, 'TERCÜME - 9/2024', 'INV-202409-4755', 'paid', '2024-09-21', '2024-09-25', 'Opet', 1, '2024-09-26 11:14:45', '2025-08-13 11:07:12'),
(147, 24, 1, 6256.00, 9, 2024, 'YEMEK KARTI - 9/2024', 'INV-202409-7203', 'paid', '2024-09-24', '2024-09-25', 'Teknosa', 1, '2024-09-03 16:44:24', '2025-08-13 11:07:12'),
(148, 25, 1, 9334.00, 9, 2024, 'MUTFAK - 9/2024', 'INV-202409-1692', 'paid', '2024-09-24', '2024-09-27', 'Migros', 1, '2024-09-07 14:34:48', '2025-08-13 11:07:12'),
(149, 27, 1, 25000.00, 9, 2024, 'KİRA - 9/2024', 'INV-202409-5687', 'paid', '2024-09-25', '2024-09-29', 'Yurtiçi Kargo', 1, '2024-09-09 15:47:57', '2025-08-13 11:07:12'),
(150, 28, 1, 9883.00, 9, 2024, 'OFİS TADİLAT - 9/2024', 'INV-202409-5995', 'paid', '2024-09-26', '2024-09-27', 'Shell', 1, '2024-09-02 18:21:12', '2025-08-13 11:07:12'),
(151, 29, 1, 108556.00, 9, 2024, 'PERSONEL MAAŞ - 9/2024', 'INV-202409-6799', 'paid', '2024-09-22', '2024-09-26', 'Garanti BBVA', 1, '2024-09-07 14:57:32', '2025-08-13 11:07:12'),
(152, 30, 1, 6423.00, 9, 2024, 'PERSONEL PRİM - 9/2024', 'INV-202409-5342', 'paid', '2024-09-23', '2024-09-26', 'Vodafone', 1, '2024-09-12 16:01:03', '2025-08-13 11:07:12'),
(153, 33, 1, 27486.00, 9, 2024, 'SGK - 9/2024', 'INV-202409-3461', 'paid', '2024-09-21', '2024-09-23', 'Türk Telekom', 1, '2024-09-22 13:21:07', '2025-08-13 11:07:12'),
(154, 2, 1, 5126.00, 10, 2024, 'TÜRK TELEKOM - 10/2024', 'INV-202410-2528', 'paid', '2024-10-24', '2024-10-28', 'Türk Telekom', 1, '2024-10-25 16:38:13', '2025-08-13 11:07:12'),
(155, 3, 1, 3766.00, 10, 2024, 'İNTERNETLER - 10/2024', 'INV-202410-3571', 'paid', '2024-10-26', '2024-10-31', 'Vodafone', 1, '2024-10-06 14:57:43', '2025-08-13 11:07:12'),
(156, 4, 1, 1469.00, 10, 2024, 'AYEDAŞ - 10/2024', 'INV-202410-8403', 'paid', '2024-10-28', '2024-11-02', 'AYEDAŞ', 1, '2024-10-10 18:14:36', '2025-08-13 11:07:12'),
(157, 8, 1, 10130.00, 10, 2024, 'BANKA MASRAFLARI - 10/2024', 'INV-202410-3515', 'paid', '2024-10-22', '2024-10-26', 'Turkcell', 1, '2024-10-02 15:16:49', '2025-08-13 11:07:12'),
(158, 11, 1, 5683.00, 10, 2024, 'AJANS - 10/2024', 'INV-202410-3231', 'paid', '2024-10-23', '2024-10-27', 'Türk Telekom', 1, '2024-10-24 09:41:55', '2025-08-13 11:07:12'),
(159, 12, 1, 4429.00, 10, 2024, 'ARAÇ HGS - 10/2024', 'INV-202410-5718', 'paid', '2024-10-23', '2024-10-26', 'İş Bankası', 1, '2024-10-09 14:28:35', '2025-08-13 11:07:12'),
(160, 13, 1, 1427.00, 10, 2024, 'ARAÇ BAKIM ONARIM - 10/2024', 'INV-202410-4807', 'paid', '2024-10-20', '2024-10-25', 'AYEDAŞ', 1, '2024-10-09 16:32:38', '2025-08-13 11:07:12'),
(161, 14, 1, 12840.00, 10, 2024, 'ARAÇ TRAFİK CEZALARI - 10/2024', 'INV-202410-2449', 'paid', '2024-10-22', '2024-10-23', 'İş Bankası', 1, '2024-10-20 15:03:12', '2025-08-13 11:07:12'),
(162, 15, 1, 11307.00, 10, 2024, 'FUAR - 10/2024', 'INV-202410-5167', 'paid', '2024-10-20', '2024-10-25', 'Yurtiçi Kargo', 1, '2024-10-10 18:53:17', '2025-08-13 11:07:12'),
(163, 19, 1, 9482.00, 10, 2024, 'ÇEVRE TEMİZLİK - 10/2024', 'INV-202410-2105', 'paid', '2024-10-27', '2024-11-01', 'Opet', 1, '2024-10-27 11:25:52', '2025-08-13 11:07:12'),
(164, 20, 1, 8904.00, 10, 2024, 'VODAFONE - 10/2024', 'INV-202410-1546', 'paid', '2024-10-26', '2024-10-30', 'Vodafone', 1, '2024-10-03 13:20:29', '2025-08-13 11:07:12'),
(165, 21, 1, 7685.00, 10, 2024, 'TERCÜME - 10/2024', 'INV-202410-6158', 'paid', '2024-10-20', '2024-10-24', 'DHL Express', 1, '2024-10-01 14:56:38', '2025-08-13 11:07:12'),
(166, 22, 1, 7812.00, 10, 2024, 'AİDAT - 10/2024', 'INV-202410-6384', 'paid', '2024-10-25', '2024-10-26', 'Turkcell', 1, '2024-10-09 15:58:14', '2025-08-13 11:07:12'),
(167, 23, 1, 10514.00, 10, 2024, 'YAKIT - 10/2024', 'INV-202410-2737', 'paid', '2024-10-26', '2024-10-27', 'İş Bankası', 1, '2024-10-23 09:17:26', '2025-08-13 11:07:12'),
(168, 27, 1, 25000.00, 10, 2024, 'KİRA - 10/2024', 'INV-202410-5093', 'paid', '2024-10-25', '2024-10-27', 'Türk Telekom', 1, '2024-10-04 14:57:51', '2025-08-13 11:07:12'),
(169, 28, 1, 2686.00, 10, 2024, 'OFİS TADİLAT - 10/2024', 'INV-202410-1273', 'paid', '2024-10-22', '2024-10-25', 'Garanti BBVA', 1, '2024-10-26 09:26:03', '2025-08-13 11:07:12'),
(170, 29, 1, 91676.00, 10, 2024, 'PERSONEL MAAŞ - 10/2024', 'INV-202410-4304', 'paid', '2024-10-20', '2024-10-21', 'Teknosa', 1, '2024-10-07 12:59:07', '2025-08-13 11:07:12'),
(171, 30, 1, 972.00, 10, 2024, 'PERSONEL PRİM - 10/2024', 'INV-202410-4407', 'paid', '2024-10-26', '2024-10-27', 'Turkcell', 1, '2024-10-18 14:02:15', '2025-08-13 11:07:12'),
(172, 31, 1, 6632.00, 10, 2024, 'PERSONEL TAZMİNATLAR - 10/2024', 'INV-202410-6052', 'paid', '2024-10-24', '2024-10-28', 'ABC Kırtasiye', 1, '2024-10-25 10:39:57', '2025-08-13 11:07:12'),
(173, 33, 1, 38455.00, 10, 2024, 'SGK - 10/2024', 'INV-202410-4273', 'paid', '2024-10-27', '2024-10-30', 'Shell', 1, '2024-10-01 11:28:20', '2025-08-13 11:07:12'),
(174, 1, 1, 9536.00, 11, 2024, 'KIRTASİYE/AVANSAS - 11/2024', 'INV-202411-2486', 'paid', '2024-11-26', '2024-11-27', 'Opet', 1, '2024-11-10 12:20:10', '2025-08-13 11:07:12'),
(175, 2, 1, 11316.00, 11, 2024, 'TÜRK TELEKOM - 11/2024', 'INV-202411-7781', 'paid', '2024-11-22', '2024-11-26', 'ABC Kırtasiye', 1, '2024-11-19 16:43:36', '2025-08-13 11:07:12'),
(176, 3, 1, 5036.00, 11, 2024, 'İNTERNETLER - 11/2024', 'INV-202411-5099', 'paid', '2024-11-23', '2024-11-26', 'DHL Express', 1, '2024-11-19 10:48:36', '2025-08-13 11:07:12'),
(177, 5, 1, 789.00, 11, 2024, 'MOTORLU TAŞITLAR VERGİSİ - 11/2024', 'INV-202411-1326', 'paid', '2024-11-24', '2024-11-28', 'CarrefourSA', 1, '2024-11-16 16:17:15', '2025-08-13 11:07:12'),
(178, 6, 1, 801.00, 11, 2024, 'DHL - 11/2024', 'INV-202411-9047', 'paid', '2024-11-23', '2024-11-28', 'İş Bankası', 1, '2024-11-19 17:29:37', '2025-08-13 11:07:12'),
(179, 8, 1, 5501.00, 11, 2024, 'BANKA MASRAFLARI - 11/2024', 'INV-202411-6341', 'paid', '2024-11-25', '2024-11-30', 'AYEDAŞ', 1, '2024-11-23 14:05:07', '2025-08-13 11:07:12'),
(180, 10, 1, 7843.00, 11, 2024, 'MATBAA - 11/2024', 'INV-202411-4586', 'paid', '2024-11-20', '2024-11-25', 'Opet', 1, '2024-11-20 10:11:40', '2025-08-13 11:07:12'),
(181, 11, 1, 11064.00, 11, 2024, 'AJANS - 11/2024', 'INV-202411-2278', 'paid', '2024-11-25', '2024-11-26', 'Shell', 1, '2024-11-15 17:28:22', '2025-08-13 11:07:12'),
(182, 17, 1, 13465.00, 11, 2024, 'OFİS ETKİNLİK - 11/2024', 'INV-202411-7945', 'paid', '2024-11-25', '2024-11-28', 'CarrefourSA', 1, '2024-11-27 13:42:58', '2025-08-13 11:07:12'),
(183, 18, 1, 12381.00, 11, 2024, 'ÇİÇEK SEPETİ - 11/2024', 'INV-202411-1574', 'paid', '2024-11-20', '2024-11-23', 'Yurtiçi Kargo', 1, '2024-11-09 16:46:57', '2025-08-13 11:07:12'),
(184, 19, 1, 4700.00, 11, 2024, 'ÇEVRE TEMİZLİK - 11/2024', 'INV-202411-3194', 'paid', '2024-11-25', '2024-11-30', 'Opet', 1, '2024-11-09 12:02:54', '2025-08-13 11:07:12'),
(185, 22, 1, 6061.00, 11, 2024, 'AİDAT - 11/2024', 'INV-202411-3680', 'paid', '2024-11-21', '2024-11-26', 'Garanti BBVA', 1, '2024-11-11 16:18:17', '2025-08-13 11:07:12'),
(186, 23, 1, 5885.00, 11, 2024, 'YAKIT - 11/2024', 'INV-202411-8630', 'paid', '2024-11-23', '2024-11-26', 'Türk Telekom', 1, '2024-11-09 18:55:44', '2025-08-13 11:07:12'),
(187, 24, 1, 11404.00, 11, 2024, 'YEMEK KARTI - 11/2024', 'INV-202411-6488', 'paid', '2024-11-21', '2024-11-23', 'Vodafone', 1, '2024-11-17 09:23:19', '2025-08-13 11:07:12'),
(188, 25, 1, 11963.00, 11, 2024, 'MUTFAK - 11/2024', 'INV-202411-8588', 'paid', '2024-11-21', '2024-11-25', 'Shell', 1, '2024-11-15 18:49:35', '2025-08-13 11:07:12'),
(189, 26, 1, 10275.00, 11, 2024, 'DİĞER GİDERLER - 11/2024', 'INV-202411-5667', 'paid', '2024-11-24', '2024-11-28', 'Migros', 1, '2024-11-25 09:12:23', '2025-08-13 11:07:12'),
(190, 27, 1, 25000.00, 11, 2024, 'KİRA - 11/2024', 'INV-202411-9546', 'paid', '2024-11-28', '2024-12-02', 'Garanti BBVA', 1, '2024-11-05 15:20:16', '2025-08-13 11:07:12'),
(191, 29, 1, 91560.00, 11, 2024, 'PERSONEL MAAŞ - 11/2024', 'INV-202411-3739', 'paid', '2024-11-28', '2024-12-02', 'Teknosa', 1, '2024-11-18 12:22:49', '2025-08-13 11:07:12'),
(192, 30, 1, 9208.00, 11, 2024, 'PERSONEL PRİM - 11/2024', 'INV-202411-8975', 'paid', '2024-11-27', '2024-12-02', 'Opet', 1, '2024-11-11 11:42:51', '2025-08-13 11:07:12'),
(193, 33, 1, 34486.00, 11, 2024, 'SGK - 11/2024', 'INV-202411-4148', 'paid', '2024-11-24', '2024-11-26', 'Teknosa', 1, '2024-11-07 10:50:22', '2025-08-13 11:07:12'),
(194, 7, 1, 7840.00, 12, 2024, 'KARGO - 12/2024', 'INV-202412-8518', 'paid', '2024-12-20', '2024-12-25', 'Türk Telekom', 1, '2024-12-13 15:22:34', '2025-08-13 11:07:12'),
(195, 8, 1, 8335.00, 12, 2024, 'BANKA MASRAFLARI - 12/2024', 'INV-202412-6510', 'paid', '2024-12-22', '2024-12-23', 'Garanti BBVA', 1, '2024-12-07 17:24:02', '2025-08-13 11:07:12'),
(196, 10, 1, 14566.00, 12, 2024, 'MATBAA - 12/2024', 'INV-202412-9514', 'paid', '2024-12-24', '2024-12-29', 'AYEDAŞ', 1, '2024-12-07 16:29:39', '2025-08-13 11:07:12'),
(197, 12, 1, 14951.00, 12, 2024, 'ARAÇ HGS - 12/2024', 'INV-202412-1078', 'paid', '2024-12-28', '2024-12-30', 'Shell', 1, '2024-12-13 18:03:41', '2025-08-13 11:07:12'),
(198, 13, 1, 13364.00, 12, 2024, 'ARAÇ BAKIM ONARIM - 12/2024', 'INV-202412-8959', 'paid', '2024-12-20', '2024-12-21', 'Yurtiçi Kargo', 1, '2024-12-11 15:51:20', '2025-08-13 11:07:12'),
(199, 14, 1, 7700.00, 12, 2024, 'ARAÇ TRAFİK CEZALARI - 12/2024', 'INV-202412-7221', 'paid', '2024-12-28', '2025-01-01', 'Migros', 1, '2024-12-21 13:10:54', '2025-08-13 11:07:12'),
(200, 15, 1, 4362.00, 12, 2024, 'FUAR - 12/2024', 'INV-202412-8591', 'paid', '2024-12-23', '2024-12-27', 'AYEDAŞ', 1, '2024-12-19 11:01:24', '2025-08-13 11:07:12'),
(201, 17, 1, 8207.00, 12, 2024, 'OFİS ETKİNLİK - 12/2024', 'INV-202412-4786', 'paid', '2024-12-24', '2024-12-26', 'AYEDAŞ', 1, '2024-12-22 12:52:25', '2025-08-13 11:07:12'),
(202, 19, 1, 10461.00, 12, 2024, 'ÇEVRE TEMİZLİK - 12/2024', 'INV-202412-2964', 'paid', '2024-12-20', '2024-12-21', 'Vodafone', 1, '2024-12-08 12:11:16', '2025-08-13 11:07:12'),
(203, 21, 1, 1384.00, 12, 2024, 'TERCÜME - 12/2024', 'INV-202412-9026', 'paid', '2024-12-21', '2024-12-25', 'Garanti BBVA', 1, '2024-12-26 12:45:24', '2025-08-13 11:07:12'),
(204, 23, 1, 9154.00, 12, 2024, 'YAKIT - 12/2024', 'INV-202412-5267', 'paid', '2024-12-28', '2024-12-30', 'Teknosa', 1, '2024-12-05 10:37:14', '2025-08-13 11:07:12'),
(205, 24, 1, 1044.00, 12, 2024, 'YEMEK KARTI - 12/2024', 'INV-202412-7951', 'paid', '2024-12-24', '2024-12-25', 'Vodafone', 1, '2024-12-25 16:10:02', '2025-08-13 11:07:12'),
(206, 27, 1, 25000.00, 12, 2024, 'KİRA - 12/2024', 'INV-202412-2131', 'paid', '2024-12-22', '2024-12-25', 'AYEDAŞ', 1, '2024-12-16 11:59:25', '2025-08-13 11:07:12'),
(207, 29, 1, 111184.00, 12, 2024, 'PERSONEL MAAŞ - 12/2024', 'INV-202412-9364', 'paid', '2024-12-22', '2024-12-26', 'Turkcell', 1, '2024-12-25 10:06:15', '2025-08-13 11:07:12'),
(208, 32, 1, 13325.00, 12, 2024, 'YOL - 12/2024', 'INV-202412-9014', 'paid', '2024-12-20', '2024-12-23', 'BP', 1, '2024-12-21 13:34:45', '2025-08-13 11:07:12'),
(209, 33, 1, 26074.00, 12, 2024, 'SGK - 12/2024', 'INV-202412-1920', 'paid', '2024-12-21', '2024-12-25', 'Shell', 1, '2024-12-01 11:15:09', '2025-08-13 11:07:12'),
(210, 21, 1, 7048.00, 1, 2025, 'TERCÜME - Ocak 2025', 'INV-202501-4737', 'pending', '2025-02-26', NULL, 'DHL Express', 1, '2025-01-04 18:30:11', '2025-08-13 11:07:12'),
(211, 9, 1, 5019.00, 1, 2025, 'BİLGİSAYAR BAKIM/ALIM - Ocak 2025', 'INV-202501-8156', 'pending', '2025-02-14', NULL, 'Shell', 1, '2025-01-03 15:27:43', '2025-08-13 11:07:12'),
(212, 13, 1, 8640.00, 1, 2025, 'ARAÇ BAKIM ONARIM - Ocak 2025', 'INV-202501-7783', 'pending', '2025-02-15', NULL, 'Opet', 1, '2025-01-08 18:16:08', '2025-08-13 11:07:12'),
(213, 26, 1, 14935.00, 1, 2025, 'DİĞER GİDERLER - Ocak 2025', 'INV-202501-2991', 'pending', '2025-02-28', NULL, 'Vodafone', 1, '2025-01-22 16:51:48', '2025-08-13 11:07:12'),
(214, 30, 1, 19509.00, 1, 2025, 'PERSONEL PRİM - Ocak 2025', 'INV-202501-2658', 'pending', '2025-02-11', NULL, 'Opet', 1, '2025-01-23 18:05:38', '2025-08-13 11:07:12'),
(215, 33, 1, 8933.00, 1, 2025, 'SGK - Ocak 2025', 'INV-202501-9432', 'pending', '2025-02-20', NULL, 'İş Bankası', 1, '2025-01-21 09:23:33', '2025-08-13 11:07:12'),
(216, 6, 1, 6847.00, 1, 2025, 'DHL - Ocak 2025', 'INV-202501-6547', 'pending', '2025-02-20', NULL, 'Türk Telekom', 1, '2025-01-06 13:17:01', '2025-08-13 11:07:12'),
(217, 28, 1, 9220.00, 1, 2025, 'OFİS TADİLAT - Ocak 2025', 'INV-202501-2217', 'pending', '2025-02-16', NULL, 'Teknosa', 1, '2025-01-08 17:26:33', '2025-08-13 11:07:12'),
(218, 5, 1, 6322.00, 1, 2025, 'MOTORLU TAŞITLAR VERGİSİ - Ocak 2025', 'INV-202501-5640', 'pending', '2025-02-20', NULL, 'Shell', 1, '2025-01-13 10:23:08', '2025-08-13 11:07:12'),
(219, 27, 1, 12357.00, 1, 2025, 'KİRA - Ocak 2025', 'INV-202501-5038', 'pending', '2025-02-15', NULL, 'BP', 1, '2025-01-15 09:10:05', '2025-08-13 11:07:12'),
(220, 24, 1, 15866.00, 1, 2025, 'YEMEK KARTI - Ocak 2025', 'INV-202501-8068', 'pending', '2025-02-22', NULL, 'Garanti BBVA', 1, '2025-01-27 10:47:36', '2025-08-13 11:07:12'),
(221, 21, 1, 13920.00, 1, 2025, 'TERCÜME - Ocak 2025', 'INV-202501-2683', 'pending', '2025-02-17', NULL, 'Shell', 1, '2025-01-28 09:45:51', '2025-08-13 11:07:12'),
(222, 32, 1, 11117.00, 1, 2025, 'YOL - Ocak 2025', 'INV-202501-4426', 'pending', '2025-02-19', NULL, 'Migros', 1, '2025-01-03 18:53:35', '2025-08-13 11:07:12'),
(223, 4, 1, 6868.00, 1, 2025, 'AYEDAŞ - Ocak 2025', 'INV-202501-4717', 'pending', '2025-02-28', NULL, 'Turkcell', 1, '2025-01-14 15:54:29', '2025-08-13 11:07:12'),
(224, 19, 1, 3551.00, 1, 2025, 'ÇEVRE TEMİZLİK - Ocak 2025', 'INV-202501-4711', 'pending', '2025-02-11', NULL, 'CarrefourSA', 1, '2025-01-05 16:48:08', '2025-08-13 11:07:12'),
(225, 2, 1, 15773.00, 1, 2025, 'TÜRK TELEKOM - Ocak 2025', 'INV-202501-9732', 'pending', '2025-02-20', NULL, 'Turkcell', 1, '2025-01-20 17:01:34', '2025-08-13 11:07:12'),
(226, 15, 1, 5005.00, 1, 2025, 'FUAR - Ocak 2025', 'INV-202501-1532', 'pending', '2025-02-18', NULL, 'İş Bankası', 1, '2025-01-26 16:52:04', '2025-08-13 11:07:12'),
(227, 17, 1, 4948.00, 1, 2025, 'OFİS ETKİNLİK - Ocak 2025', 'INV-202501-9358', 'pending', '2025-02-15', NULL, 'Opet', 1, '2025-01-11 09:46:30', '2025-08-13 11:07:12'),
(228, 33, 1, 14601.00, 1, 2025, 'SGK - Ocak 2025', 'INV-202501-3812', 'pending', '2025-02-21', NULL, 'Shell', 1, '2025-01-03 18:33:34', '2025-08-13 11:07:12'),
(229, 15, 1, 18941.00, 1, 2025, 'FUAR - Ocak 2025', 'INV-202501-4414', 'pending', '2025-02-14', NULL, 'Türk Telekom', 1, '2025-01-23 17:03:07', '2025-08-13 11:07:12'),
(230, 29, 1, 95000.00, 1, 2025, 'Ocak 2025 personel maaşları', NULL, 'paid', NULL, '2025-01-05', 'İnsan Kaynakları', 1, '2025-01-20 09:07:49', '2025-08-13 11:07:12'),
(231, 27, 1, 28000.00, 1, 2025, 'Ofis kirası Ocak 2025', NULL, 'paid', NULL, '2025-01-03', 'ABC Gayrimenkul', 1, '2025-01-19 16:16:19', '2025-08-13 11:07:12'),
(232, 29, 1, 95000.00, 2, 2025, 'Şubat 2025 personel maaşları', NULL, 'paid', NULL, '2025-02-05', 'İnsan Kaynakları', 1, '2025-02-16 09:19:50', '2025-08-13 11:07:12'),
(233, 33, 1, 38500.00, 2, 2025, 'Şubat SGK ödemeleri', NULL, 'paid', NULL, '2025-02-15', 'SGK', 1, '2025-02-03 13:43:43', '2025-08-13 11:07:12'),
(234, 29, 1, 96500.00, 3, 2025, 'Mart 2025 personel maaşları (zam dahil)', NULL, 'paid', NULL, '2025-03-05', 'İnsan Kaynakları', 1, '2025-03-21 13:39:47', '2025-08-13 11:07:12'),
(235, 1, 1, 3200.00, 3, 2025, 'Ofis kırtasiye malzemeleri', NULL, 'paid', NULL, '2025-03-10', 'XYZ Kırtasiye', 1, '2025-03-13 10:55:36', '2025-08-13 11:07:12'),
(236, 29, 1, 96500.00, 4, 2025, 'Nisan 2025 personel maaşları', NULL, 'paid', NULL, '2025-04-05', 'İnsan Kaynakları', 1, '2025-04-27 18:35:20', '2025-08-13 11:07:12'),
(237, 29, 1, 96500.00, 5, 2025, 'Mayıs 2025 personel maaşları', NULL, 'paid', NULL, '2025-05-05', 'İnsan Kaynakları', 1, '2025-05-21 13:24:10', '2025-08-13 11:07:12'),
(238, 29, 1, 98000.00, 6, 2025, 'Haziran 2025 personel maaşları', NULL, 'paid', NULL, '2025-06-05', 'İnsan Kaynakları', 1, '2025-06-19 11:30:43', '2025-08-13 11:07:12'),
(239, 29, 1, 98000.00, 7, 2025, 'Temmuz 2025 personel maaşları', NULL, 'paid', NULL, '2025-07-05', 'İnsan Kaynakları', 1, '2025-07-24 10:25:08', '2025-08-13 11:07:12'),
(249, 26, 1, 8500.00, 8, 2025, 'Mali müşavir aylık hizmet bedeli', NULL, 'pending', '2025-08-20', NULL, 'XYZ Mali Müşavirlik', 1, '2025-08-05 10:30:00', '2025-08-13 11:13:38'),
(250, 26, 1, 4200.00, 8, 2025, 'İşyeri sigorta taksiti', NULL, 'pending', '2025-08-25', NULL, 'Anadolu Sigorta', 1, '2025-08-03 14:15:00', '2025-08-13 11:13:38'),
(251, 9, 1, 12000.00, 8, 2025, 'Yeni dizüstü bilgisayar alımı', '2025/0812', 'paid', NULL, '2025-08-10', 'Teknosa', 1, '2025-08-10 14:30:00', '2025-08-13 11:13:38'),
(252, 4, 1, 7800.00, 8, 2025, 'Ağustos elektrik faturası (klima kullanımı yüksek)', NULL, 'pending', '2025-08-22', NULL, 'CK Boğaziçi Elektrik', 1, '2025-08-08 09:00:00', '2025-08-13 11:13:38'),
(253, 3, 1, 1800.00, 8, 2025, 'Ağustos internet faturası', NULL, 'paid', NULL, '2025-08-12', 'Türk Telekom', 1, '2025-08-12 11:45:00', '2025-08-13 11:13:38'),
(254, 26, 1, 850.00, 8, 2025, 'Ağustos doğalgaz faturası', NULL, 'paid', NULL, '2025-08-11', 'İGDAŞ', 1, '2025-08-11 15:20:00', '2025-08-13 11:13:38'),
(255, 23, 1, 3500.00, 8, 2025, 'Şirket aracı yakıt - 1. hafta', NULL, 'paid', NULL, '2025-08-07', 'Shell', 1, '2025-08-07 18:30:00', '2025-08-13 11:13:38'),
(256, 23, 1, 2800.00, 8, 2025, 'Şirket aracı yakıt - 2. hafta', '', 'paid', NULL, '2025-08-13', 'BP', 1, '2025-08-13 17:15:00', '2025-09-06 03:42:12'),
(257, 1, 1, 1850.00, 8, 2025, 'Ofis malzemeleri alımı', NULL, 'paid', NULL, '2025-08-09', 'Ofisim Kırtasiye', 1, '2025-08-09 13:00:00', '2025-08-13 11:13:38'),
(258, 19, 1, 2200.00, 8, 2025, 'Aylık temizlik hizmeti', NULL, 'paid', NULL, '2025-08-05', 'Temiz İş Temizlik', 1, '2025-08-05 16:45:00', '2025-08-13 11:13:38'),
(259, 24, 1, 12500.00, 8, 2025, 'Personel yemek kartı yüklemesi', NULL, 'paid', NULL, '2025-08-01', 'Multinet', 1, '2025-08-01 09:30:00', '2025-08-13 11:13:38'),
(260, 7, 1, 850.00, 8, 2025, 'Aylık kargo giderleri', NULL, 'paid', NULL, '2025-08-12', 'Yurtiçi Kargo', 1, '2025-08-12 14:00:00', '2025-08-13 11:13:38'),
(261, 26, 1, 15000.00, 8, 2025, 'Hukuk danışmanlığı hizmeti', NULL, 'pending', '2025-08-30', NULL, 'ABC Hukuk Bürosu', 1, '2025-08-02 11:00:00', '2025-08-13 11:13:38'),
(262, 26, 1, 1200.00, 8, 2025, 'Ağustos su faturası', NULL, 'paid', NULL, '2025-08-10', 'İSKİ', 1, '2025-08-10 10:15:00', '2025-08-13 11:13:38'),
(263, 13, 1, 10000.00, 9, 2025, 'asdasda', '', 'paid', NULL, '2025-09-06', 'XXX', 1, '2025-09-06 03:42:30', '2025-09-06 03:42:47'),
(264, 9, 1, 100000.00, 9, 2025, 'asdasd', '', 'paid', '2025-09-04', '2025-09-06', 'asda', 1, '2025-09-06 03:43:07', '2025-09-06 03:50:50'),
(265, 12, 1, 11.00, 11, 2025, 'asda', '', 'paid', '2025-11-08', '2025-09-06', 'AA', 1, '2025-09-06 03:51:07', '2025-09-06 03:51:07'),
(266, 3, 1, 1231.00, 9, 2025, '', '', 'paid', '2025-09-13', '2025-09-06', 'asdasd', 1, '2025-09-06 03:54:25', '2025-09-06 03:54:25'),
(267, 12, 1, 123.00, 9, 2025, '', '', 'paid', '2025-09-04', '2025-09-06', 'asdas', 1, '2025-09-06 03:58:46', '2025-09-06 03:58:46'),
(268, 6, 1, 1231241.00, 9, 2025, 'asda dsad sa', '', 'paid', '2025-09-09', '2025-09-06', 'DFG', 1, '2025-09-06 03:59:06', '2025-09-06 03:59:06'),
(269, 18, 1, 12321.00, 9, 2025, 'asdasda', '', 'paid', '2025-09-06', '2025-09-06', 'FFGD', 1, '2025-09-06 03:59:37', '2025-09-06 03:59:37'),
(270, 22, 1, 12312.00, 9, 2025, 'asdasdas', '', 'paid', '2025-09-03', '2025-09-06', 'AAA', 1, '2025-09-06 04:00:46', '2025-09-06 04:00:46'),
(271, 11, 1, 5432423.00, 9, 2025, 'asdsa', '', 'paid', '2025-09-06', '2025-09-06', 'asdasda', 1, '2025-09-06 04:01:06', '2025-09-06 04:01:06'),
(272, 14, 1, 14141414.00, 9, 2025, '', '', 'paid', '2025-09-06', '2025-09-06', 'asdasdaasdas', 1, '2025-09-06 04:13:32', '2025-09-06 04:13:32'),
(273, 9, 1, 1414155.00, 9, 2025, '', '', 'paid', '2025-09-07', '2025-09-06', 'asdas', 1, '2025-09-06 04:13:49', '2025-09-06 04:13:49'),
(274, 14, 1, 16161616.00, 9, 2025, 'asdasd', '', 'paid', '2025-09-07', '2025-09-06', 'asdsadas', 1, '2025-09-06 04:14:10', '2025-09-06 04:14:10'),
(275, 15, 1, 151421311.00, 9, 2025, '', '', 'paid', '2025-09-07', '2025-09-06', 'asdasdasdas', 1, '2025-09-06 04:14:35', '2025-09-06 04:14:35');

-- --------------------------------------------------------

--
-- Tablo için tablo yapısı `users`
--

CREATE TABLE `users` (
  `id` int(11) NOT NULL,
  `username` varchar(80) NOT NULL,
  `email` varchar(120) NOT NULL,
  `password_hash` varchar(255) NOT NULL,
  `full_name` varchar(120) DEFAULT NULL,
  `is_active` tinyint(1) DEFAULT NULL,
  `is_admin` tinyint(1) DEFAULT NULL,
  `company_id` int(11) DEFAULT NULL,
  `created_at` datetime DEFAULT NULL,
  `updated_at` datetime DEFAULT NULL
) ENGINE=InnoDB DEFAULT CHARSET=utf8mb4 COLLATE=utf8mb4_general_ci;

--
-- Tablo döküm verisi `users`
--

INSERT INTO `users` (`id`, `username`, `email`, `password_hash`, `full_name`, `is_active`, `is_admin`, `company_id`, `created_at`, `updated_at`) VALUES
(1, 'admin', 'admin@example.com', 'scrypt:32768:8:1$s9mHNd6kriq59yqm$24f7e3416eb7029ca2191520e062d1d3ba77f5eb2cd0da14ffc3297b7e8892244e3ef486b61df6107f5efd41dba7e5763e92a2b80ded1679ff289aeee6d253e4', 'Admin User', 1, 1, 1, '2025-08-13 08:43:35', '2025-08-13 08:43:35'),
(3, 'A', 'a@a.com', 'scrypt:32768:8:1$L2WTJJN81OJMU6rZ$c7c71c0b9d2de8e05c78c952568d420d17a343bbc9f54ba08328a5d67550b9b26b565ac9bec4b1c906ef7a50ae9a9e7cf04ca5fb59b4f57c23586b48ddc0bb4f', 'A', 1, 0, NULL, '2025-09-06 04:24:17', '2025-09-06 04:24:17');

--
-- Dökümü yapılmış tablolar için indeksler
--

--
-- Tablo için indeksler `companies`
--
ALTER TABLE `companies`
  ADD PRIMARY KEY (`id`),
  ADD UNIQUE KEY `tax_number` (`tax_number`);

--
-- Tablo için indeksler `expense_categories`
--
ALTER TABLE `expense_categories`
  ADD PRIMARY KEY (`id`),
  ADD KEY `company_id` (`company_id`);

--
-- Tablo için indeksler `expense_records`
--
ALTER TABLE `expense_records`
  ADD PRIMARY KEY (`id`),
  ADD KEY `category_id` (`category_id`),
  ADD KEY `company_id` (`company_id`),
  ADD KEY `user_id` (`user_id`);

--
-- Tablo için indeksler `users`
--
ALTER TABLE `users`
  ADD PRIMARY KEY (`id`),
  ADD UNIQUE KEY `username` (`username`),
  ADD UNIQUE KEY `email` (`email`),
  ADD KEY `company_id` (`company_id`);

--
-- Dökümü yapılmış tablolar için AUTO_INCREMENT değeri
--

--
-- Tablo için AUTO_INCREMENT değeri `companies`
--
ALTER TABLE `companies`
  MODIFY `id` int(11) NOT NULL AUTO_INCREMENT, AUTO_INCREMENT=2;

--
-- Tablo için AUTO_INCREMENT değeri `expense_categories`
--
ALTER TABLE `expense_categories`
  MODIFY `id` int(11) NOT NULL AUTO_INCREMENT, AUTO_INCREMENT=34;

--
-- Tablo için AUTO_INCREMENT değeri `expense_records`
--
ALTER TABLE `expense_records`
  MODIFY `id` int(11) NOT NULL AUTO_INCREMENT, AUTO_INCREMENT=276;

--
-- Tablo için AUTO_INCREMENT değeri `users`
--
ALTER TABLE `users`
  MODIFY `id` int(11) NOT NULL AUTO_INCREMENT, AUTO_INCREMENT=4;

--
-- Dökümü yapılmış tablolar için kısıtlamalar
--

--
-- Tablo kısıtlamaları `expense_categories`
--
ALTER TABLE `expense_categories`
  ADD CONSTRAINT `expense_categories_ibfk_1` FOREIGN KEY (`company_id`) REFERENCES `companies` (`id`);

--
-- Tablo kısıtlamaları `expense_records`
--
ALTER TABLE `expense_records`
  ADD CONSTRAINT `expense_records_ibfk_1` FOREIGN KEY (`category_id`) REFERENCES `expense_categories` (`id`),
  ADD CONSTRAINT `expense_records_ibfk_2` FOREIGN KEY (`company_id`) REFERENCES `companies` (`id`),
  ADD CONSTRAINT `expense_records_ibfk_3` FOREIGN KEY (`user_id`) REFERENCES `users` (`id`);

--
-- Tablo kısıtlamaları `users`
--
ALTER TABLE `users`
  ADD CONSTRAINT `users_ibfk_1` FOREIGN KEY (`company_id`) REFERENCES `companies` (`id`);
COMMIT;

/*!40101 SET CHARACTER_SET_CLIENT=@OLD_CHARACTER_SET_CLIENT */;
/*!40101 SET CHARACTER_SET_RESULTS=@OLD_CHARACTER_SET_RESULTS */;
/*!40101 SET COLLATION_CONNECTION=@OLD_COLLATION_CONNECTION */;
